File Name,[Song Title],[Artist(s)]
[NA] Alo ｜ আলো ｜ Tahsan ｜ Album Ecche ｜ Tahsan Art Track ｜ Tahsan Lyrical Video 2019,Alo,Tahsan Khan
[NA] Bapuram Sapure ｜｜ বাপুরাম সাপুড়ে ｜｜ Fuad Feat Mila ｜｜ Hit Bangla Song ｜｜ Official New Music Video,Bapuram Sapure,Fuad Almuqtadir & Mila Islam
[NA] Bayoshkop,Bayoshkop,Sanjeeb Choudhury
"[NA] Coffee Houser sei addata Video, Debashis Sengupta_",Coffee Houser Sei Addata,Manna Dey
[NA] Hashte Dekho,Hashte Dekho,Ayub Bachchu
[NA] Hridoy Khan - Chaina Meye  ｜ Lyrical Video ｜ Hridoy Mix,Chaina Meye,Hridoy Khan
[NA] Jaw pakhi bolo tare lyrics｜যাও পাখি বলো তারে ｜সোনার ও পালঙ্কের ঘরে(Lyrical)｜ মনপুরা ｜Saikat Express,Jao Pakhi Bolo Tare,Chandana Majumdar & Krishnokoli
[NA] Kotha koiyo na ｜｜ Cover ｜｜ Arpita Chakraborty,Kotha Koiyo Na,Aleya Begum
[NA] Ma Lo Ma ｜ Coke Studio Bangla ｜ Season 3 ｜ Pritom Hasan X Sagor Dewan X Arif Dewan X Aly Hasan,Ma Lo Ma,Arif Dewan
[NA] Meye ｜ মেয়ে ｜  Ayub Bachchu ｜ Niaz Ahmed Aungshu ｜ AB Kitchen,Meye,Ayub Bachchu
[NA] Miles - Phiriye Dao (Official Audio),Phiriye Dao,Miles
[NA] MINAR RAHMAN ｜ JHOOM  ｜ Official Video ｜ Bangla New Song,Jhoom,Minar Rahman
[NA] Mon Shudhu Mon Chuyeche - Souls [HQ],Mon Shudhu Mon Chuyeche,Souls
[NA] Nitol Paye,Nitol Paye,Fuad Almuqtadir
[NA] Panjabiwala ｜ পাঞ্জাবিওয়ালা ｜ Shireen Jawad ｜ Abdul Gafur Hali ｜ Habib Wahid,Panjabiwala,Habib Wahid & Shireen Jawad
[NA] Pori - Bappa Mazumder,Pori,Bappa Mazumder
[NA] Prem Tumi by Tahsan,Prem Tumi,Tahsan Khan
[NA] Prematal - Tahsan (Lyrics),Prematal,Tahsan Khan
"[NA] Rupali Guitar - Ayub Bachchu, রুপালি গিটার - আইয়ুব বাচ্ছু",Rupali Guitar,Ayub Bachchu
[NA] Shei Tumi,Shei Tumi,Ayub Bachchu
[NA] Sraboner meghgulo jaro holo akashe ｜ শ্রাবনের মেঘগুলো জড়ো হলো আকাশে ｜ Different touch,Sraboner Megh,Different Touch
[NA] Ural Debo Akashe ｜ উড়াল দেব আকাশে ｜ Ayub Bachchu ｜ প্রেম তুমি কি ？,Ural Debo Akashe,Ayub Bachchu
[NA] Valobashbo basbore bondhu ｜ ভালোবাসবো বাসবোরে বন্ধু ｜ Habib Wahid ｜ Riaz ｜ Purnima ｜ Hridoyer Kotha,Bhalobashbo Bashbore Bondhu,Habib Wahid
[NA] এক পায়ে নুপুর আমার-Ek Paye Nupur Amar ｜ Lyrics ｜ Topu and Anila,Ek Paye Nupur Amar,Topu & Anila
[NA] এখন অনেক রাত ｜ Ekhon Onek Raat ｜ Ayub Bachchu ｜ LRB ｜ Lyrics Video ｜ Champion 47,Ekhon Onek Raat,Ayub Bachchu
[NA] বাহির বলে দূরে থাকুক ｜ ｜ Bahir Bole Dure Thakuk ｜ ｜ Habib Wahid lyrics song,Bahir Bole Dure Thakuk,Habib Wahid & Nancy
[NA] মেলায় যাইরে... Melay Jairey..,Melay Jaire,Feedback
রপবন  Jatrabala  Rupban  Mila,Jatrabala,Fuad Almuqtadir & Mila Islam